fecha,dia_inicio,dia_cuarentena_dnu260,osm_admin_level_2,osm_admin_level_4,osm_admin_level_8,tot_casosconf,nue_casosconf_diff,tot_fallecidos,nue_fallecidos_diff,tot_recuperados,tot_test_negativos,tot_test,transmision_tipo,informe_tipo,informe_link,observacion,covid19argentina_admin_level_4
2/03/2020,1,,Argentina,CABA,,1,1,0,0,,,,importado,,https://www.infobae.com/coronavirus/2020/03/03/confirmaron-el-primer-caso-de-coronavirus-en-la-argentina/,no hay informe,capital-federal
3/03/2020,2,,Argentina,Indeterminado,,1,0,0,0,,,,importado,,,no hay informe,no-data
4/03/2020,3,,Argentina,Indeterminado,,1,0,0,0,,,,importado,,,no hay informe,no-data
5/03/2020,4,,Argentina,Buenos Aires,,2,1,0,0,,,,importado,informe nacional,https://www.argentina.gob.ar/sites/default/files/5-03-2020-nuevo-coronavirus-covid-19-reporte-diario_1.pdf,,buenos-aires
6/03/2020,5,,Argentina,Indeterminado,,2,0,0,0,,,,importado,informe nacional,https://www.argentina.gob.ar/sites/default/files/6-03-2020-nuevo-coronavirus-covid-19-reporte-diario_1.pdf,,no-data
7/03/2020,6,,Argentina,Indeterminado,,2,0,0,0,,,,importado,,,no hay informe,no-data
8/03/2020,7,,Argentina,Buenos Aires,,10,8,0,0,,,,importado,informe nacional,https://www.argentina.gob.ar/sites/default/files/8-03-2020-nuevo-coronavirus-covid-19-reporte-diario_0.pdf,,buenos-aires
9/03/2020,8,,Argentina,CABA,,11,1,1,1,,,,importado,informe nacional,https://www.argentina.gob.ar/sites/default/files/9-03-2020-nuevo-coronavirus-covid-19-reporte_diario_0.pdf,,capital-federal
9/03/2020,8,,Argentina,San Luis,,13,2,1,0,,,,importado,informe nacional,https://www.argentina.gob.ar/sites/default/files/9-03-2020-nuevo-coronavirus-covid-19-reporte_diario_0.pdf,,san-luis
9/03/2020,8,,Argentina,Chaco,,18,5,1,0,,,,importado,informe nacional,https://www.argentina.gob.ar/sites/default/files/9-03-2020-nuevo-coronavirus-covid-19-reporte_diario_0.pdf,,chaco
9/03/2020,8,,Argentina,Río Negro,,19,1,1,0,,,,importado,informe nacional,https://www.argentina.gob.ar/sites/default/files/9-03-2020-nuevo-coronavirus-covid-19-reporte_diario_0.pdf,,rio-negro
10/03/2020,9,,Argentina,Buenos Aires,,20,1,1,0,,,,importado,informe nacional,https://www.argentina.gob.ar/sites/default/files/10-03-2020-nuevo-coronavirus-covid-19-reporte-diario_1.pdf,,buenos-aires
10/03/2020,9,,Argentina,CABA,,21,1,1,0,,,,importado,informe nacional,https://www.argentina.gob.ar/sites/default/files/10-03-2020-nuevo-coronavirus-covid-19-reporte-diario_1.pdf,,capital-federal
11/03/2020,10,,Argentina,Buenos Aires,,22,1,1,0,,,,importado,informe nacional,https://www.argentina.gob.ar/sites/default/files/11-03-2020-nuevo-coronavirus-covid-19-reporte-diario_0.pdf,,buenos-aires
11/03/2020,10,,Argentina,CABA,,23,1,1,0,,,,importado,informe nacional,https://www.argentina.gob.ar/sites/default/files/11-03-2020-nuevo-coronavirus-covid-19-reporte-diario_0.pdf,,capital-federal
12/03/2020,8,,Argentina,CABA,,33,10,1,0,,,,importado,informe nacional,https://www.argentina.gob.ar/sites/default/files/12-03-20-nuevo-coronavirus-covid-19_reporte-diario_0.pdf,,capital-federal
13/03/2020,9,,Argentina,Buenos Aires,,34,1,1,0,,,,importado,informe nacional,https://www.argentina.gob.ar/sites/default/files/13-03-20-reporte-diario-covid-19_0.pdf,,buenos-aires
13/03/2020,9,,Argentina,CABA,,36,2,2,1,,,,importado,informe nacional,https://www.argentina.gob.ar/sites/default/files/13-03-20-reporte-diario-covid-19_0.pdf,,capital-federal
14/03/2020,10,,Argentina,CABA,,47,11,2,0,,,,importado,informe nacional,https://www.argentina.gob.ar/sites/default/files/14-03-20-reporte-diario-covid-19_0.pdf,Si bien separa por provincias no se aclara las cantidades por provincia.,capital-federal
15/03/2020,11,,Argentina,CABA,,53,6,2,0,,,,importado,informe nacional,https://www.argentina.gob.ar/sites/default/files/15032020-nuevo-coronavirus-covid-19_0.pdf,,capital-federal
15/03/2020,11,,Argentina,Chaco,,57,4,2,0,,,,importado,informe nacional,https://www.argentina.gob.ar/sites/default/files/15032020-nuevo-coronavirus-covid-19_0.pdf,,chaco
15/03/2020,11,,Argentina,Tierra Del Fuego,,58,1,2,0,,,,importado,informe nacional,https://www.argentina.gob.ar/sites/default/files/15032020-nuevo-coronavirus-covid-19_0.pdf,,tierra-del-fuego
15/03/2020,11,,Argentina,Buenos Aires,,59,1,2,0,,,,importado,informe nacional,https://www.argentina.gob.ar/sites/default/files/15032020-nuevo-coronavirus-covid-19_0.pdf,,buenos-aires
16/03/2020,12,,Argentina,CABA,,64,5,2,0,,,,importado,informe nacional,https://www.argentina.gob.ar/sites/default/files/16-03-20-reporte-diario-covid-19_0.pdf,,capital-federal
16/03/2020,12,,Argentina,Chaco,,67,3,2,0,,,,importado,informe nacional,https://www.argentina.gob.ar/sites/default/files/16-03-20-reporte-diario-covid-19_0.pdf,,chaco
16/03/2020,12,,Argentina,Buenos Aires,,68,1,2,0,,,,importado,informe nacional,https://www.argentina.gob.ar/sites/default/files/16-03-20-reporte-diario-covid-19_0.pdf,,buenos-aires
16/03/2020,12,,Argentina,Indeterminado,,68,0,2,0,,464,529,importado,informe nacional,https://www.argentina.gob.ar/sites/default/files/16-03-20-reporte-diario-covid-19_0.pdf,,no-data
17/03/2020,13,,Argentina,Buenos Aires,,69,1,2,0,,,,importado,informe nacional,https://www.argentina.gob.ar/sites/default/files/17-03-20_reporte_diario_covid-19.pdf,,buenos-aires
17/03/2020,13,,Argentina,CABA,,73,4,2,0,,,,importado,informe nacional,https://www.argentina.gob.ar/sites/default/files/17-03-20_reporte_diario_covid-19.pdf,,capital-federal
17/03/2020,13,,Argentina,Córdoba,,75,2,2,0,,,,importado,informe nacional,https://www.argentina.gob.ar/sites/default/files/17-03-20_reporte_diario_covid-19.pdf,,cordoba
17/03/2020,13,,Argentina,Chaco,,76,1,2,0,,,,importado,informe nacional,https://www.argentina.gob.ar/sites/default/files/17-03-20_reporte_diario_covid-19.pdf,,chaco
17/03/2020,13,,Argentina,Jujuy,,77,1,2,0,,,,importado,informe nacional,https://www.argentina.gob.ar/sites/default/files/17-03-20_reporte_diario_covid-19.pdf,,jujuy
17/03/2020,13,,Argentina,Salta,,78,1,2,0,,,,importado,informe nacional,https://www.argentina.gob.ar/sites/default/files/17-03-20_reporte_diario_covid-19.pdf,,salta
17/03/2020,13,,Argentina,Río Negro,,79,1,2,0,,,,importado,informe nacional,https://www.argentina.gob.ar/sites/default/files/17-03-20_reporte_diario_covid-19.pdf,,rio-negro
17/03/2020,13,,Argentina,Entre Ríos,,80,1,2,0,,,,importado,informe nacional,https://www.argentina.gob.ar/sites/default/files/17-03-20_reporte_diario_covid-19.pdf,,entre-rios
17/03/2020,13,,Argentina,Santa Cruz,,81,1,2,0,,,,importado,informe nacional,https://www.argentina.gob.ar/sites/default/files/17-03-20_reporte_diario_covid-19.pdf,,santa-cruz
17/03/2020,13,,Argentina,Indeterminado,,81,0,2,0,,496,574,importado,informe nacional,https://www.argentina.gob.ar/sites/default/files/17-03-20_reporte_diario_covid-19.pdf,,no-data
18/03/2020,14,,Argentina,CABA,,91,10,2,0,,,,importado,informe nacional,https://www.argentina.gob.ar/sites/default/files/18-03-20_reporte_diario_covid-19_1.pdf,,capital-federal
18/03/2020,14,,Argentina,Chaco,,92,1,2,0,,,,importado,informe nacional,https://www.argentina.gob.ar/sites/default/files/18-03-20_reporte_diario_covid-19_1.pdf,,chaco
18/03/2020,14,,Argentina,Buenos Aires,,98,6,2,0,,,,importado,informe nacional,https://www.argentina.gob.ar/sites/default/files/18-03-20_reporte_diario_covid-19_1.pdf,,buenos-aires
18/03/2020,14,,Argentina,Córdoba,,99,1,2,0,,,,importado,informe nacional,https://www.argentina.gob.ar/sites/default/files/18-03-20_reporte_diario_covid-19_1.pdf,,cordoba
18/03/2020,14,,Argentina,Entre Ríos,,100,1,2,0,,,,importado,informe nacional,https://www.argentina.gob.ar/sites/default/files/18-03-20_reporte_diario_covid-19_1.pdf,,entre-rios
18/03/2020,14,,Argentina,Indeterminado,,100,0,2,0,18,562,659,importado,informe nacional,https://www.argentina.gob.ar/sites/default/files/18-03-20_reporte_diario_covid-19_1.pdf,,no-data
19/03/2020,15,,Argentina,Buenos Aires,,114,14,2,0,,,,importado,informe nacional,https://www.argentina.gob.ar/sites/default/files/19-03-20-reporte-diario-covid-19.pdf,,buenos-aires
19/03/2020,15,,Argentina,CABA,,122,8,3,1,,,,importado,informe nacional,https://www.argentina.gob.ar/sites/default/files/19-03-20-reporte-diario-covid-19.pdf,,capital-federal
19/03/2020,15,,Argentina,Córdoba,,124,2,3,0,,,,importado,informe nacional,https://www.argentina.gob.ar/sites/default/files/19-03-20-reporte-diario-covid-19.pdf,,cordoba
19/03/2020,15,,Argentina,Chaco,,126,2,3,0,,,,importado,informe nacional,https://www.argentina.gob.ar/sites/default/files/19-03-20-reporte-diario-covid-19.pdf,,chaco
19/03/2020,15,,Argentina,Tucumán,,127,1,3,0,,,,importado,informe nacional,https://www.argentina.gob.ar/sites/default/files/19-03-20-reporte-diario-covid-19.pdf,,tucuman
19/03/2020,15,,Argentina,Santa Fe,,128,1,3,0,,,,importado,informe nacional,https://www.argentina.gob.ar/sites/default/files/19-03-20-reporte-diario-covid-19.pdf,,santa-fe
19/03/2020,15,,Argentina,Río Negro,,130,2,3,0,,,,importado,informe nacional,https://www.argentina.gob.ar/sites/default/files/19-03-20-reporte-diario-covid-19.pdf,,rio-negro
19/03/2020,15,,Argentina,Indeterminado,,130,0,3,0,23,705,833,importado,informe nacional,https://www.argentina.gob.ar/sites/default/files/19-03-20-reporte-diario-covid-19.pdf,,no-data
20/03/2020,16,,Argentina,CABA,,139,9,3,0,,,,importado,informe nacional,https://www.argentina.gob.ar/sites/default/files/20-03-20_reporte_diario_covid_19_2.pdf,,capital-federal
20/03/2020,16,,Argentina,Buenos Aires,,148,9,3,0,,,,importado,informe nacional,https://www.argentina.gob.ar/sites/default/files/20-03-20_reporte_diario_covid_19_2.pdf,,buenos-aires
20/03/2020,16,,Argentina,Córdoba,,152,4,3,0,,,,importado,informe nacional,https://www.argentina.gob.ar/sites/default/files/20-03-20_reporte_diario_covid_19_2.pdf,,cordoba
20/03/2020,16,,Argentina,Chaco,,153,1,3,0,,,,importado,informe nacional,https://www.argentina.gob.ar/sites/default/files/20-03-20_reporte_diario_covid_19_2.pdf,,chaco
20/03/2020,16,,Argentina,Tierra Del Fuego,,154,1,3,0,,,,importado,informe nacional,https://www.argentina.gob.ar/sites/default/files/20-03-20_reporte_diario_covid_19_2.pdf,,tierra-del-fuego
20/03/2020,16,,Argentina,Entre Ríos,,156,2,3,0,,,,importado,informe nacional,https://www.argentina.gob.ar/sites/default/files/20-03-20_reporte_diario_covid_19_2.pdf,,entre-rios
20/03/2020,16,,Argentina,Corrientes,,157,1,3,0,,,,importado,informe nacional,https://www.argentina.gob.ar/sites/default/files/20-03-20_reporte_diario_covid_19_2.pdf,,corrientes
20/03/2020,16,,Argentina,Neuquén,,158,1,3,0,,,,importado,informe nacional,https://www.argentina.gob.ar/sites/default/files/20-03-20_reporte_diario_covid_19_2.pdf,,neuquen
20/03/2020,16,,Argentina,Santiago Del Estero,,159,1,3,0,,,,importado,informe nacional,https://www.argentina.gob.ar/sites/default/files/20-03-20_reporte_diario_covid_19_2.pdf,,santiago-del-estero
20/03/2020,16,,Argentina,Indeterminado,,159,0,3,0,27,872,1030,importado,informe nacional,https://www.argentina.gob.ar/sites/default/files/20-03-20_reporte_diario_covid_19_2.pdf,,no-data
21/03/2020,17,1,Argentina,CABA,,188,29,3,0,,,,transmision local,informe nacional,https://www.argentina.gob.ar/sites/default/files/21-03-20-reporte-diario_covid19.pdf,,capital-federal
21/03/2020,17,1,Argentina,Buenos Aires,,202,14,4,1,,,,transmision local,informe nacional,https://www.argentina.gob.ar/sites/default/files/21-03-20-reporte-diario_covid19.pdf,,buenos-aires
21/03/2020,17,1,Argentina,Chaco,,207,5,4,0,,,,transmision local,informe nacional,https://www.argentina.gob.ar/sites/default/files/21-03-20-reporte-diario_covid19.pdf,,chaco
21/03/2020,17,1,Argentina,Mendoza,,212,5,4,0,,,,transmision local,informe nacional,https://www.argentina.gob.ar/sites/default/files/21-03-20-reporte-diario_covid19.pdf,,mendoza
21/03/2020,17,1,Argentina,Córdoba,,216,4,4,0,,,,transmision local,informe nacional,https://www.argentina.gob.ar/sites/default/files/21-03-20-reporte-diario_covid19.pdf,,cordoba
21/03/2020,17,1,Argentina,Tierra Del Fuego,,219,3,4,0,,,,transmision local,informe nacional,https://www.argentina.gob.ar/sites/default/files/21-03-20-reporte-diario_covid19.pdf,,tierra-del-fuego
21/03/2020,17,1,Argentina,Corrientes,,221,2,4,0,,,,transmision local,informe nacional,https://www.argentina.gob.ar/sites/default/files/21-03-20-reporte-diario_covid19.pdf,,corrientes
21/03/2020,17,1,Argentina,Santa Fe,Ciudad de Santa Fe,223,2,4,0,,,,transmision local,informe nacional,https://www.argentina.gob.ar/sites/default/files/21-03-20-reporte-diario_covid19.pdf,,santa-fe
21/03/2020,17,1,Argentina,Santa Fe,Rafaela,224,1,4,0,,,,transmision local,informe nacional,https://www.argentina.gob.ar/sites/default/files/21-03-20-reporte-diario_covid19.pdf,,santa-fe
21/03/2020,17,1,Argentina,Tucumán,,225,1,4,0,,,,transmision local,informe nacional,https://www.argentina.gob.ar/sites/default/files/21-03-20-reporte-diario_covid19.pdf,,tucuman
21/03/2020,17,1,Argentina,Río Negro,,226,1,4,0,,,,transmision local,informe nacional,https://www.argentina.gob.ar/sites/default/files/21-03-20-reporte-diario_covid19.pdf,,rio-negro
21/03/2020,17,1,Argentina,Indeterminado,,226,0,4,0,31,1028,1253,transmision local,informe nacional,https://www.argentina.gob.ar/sites/default/files/21-03-20-reporte-diario_covid19.pdf,,no-data
22/03/2020,18,2,Argentina,CABA,,237,11,4,0,,,,transmision local,informe nacional,https://www.argentina.gob.ar/sites/default/files/22-03-20-reporte-diario_covid19.pdf,,capital-federal
22/03/2020,18,2,Argentina,Buenos Aires,,245,8,4,0,,,,transmision local,informe nacional,https://www.argentina.gob.ar/sites/default/files/22-03-20-reporte-diario_covid19.pdf,,buenos-aires
22/03/2020,18,2,Argentina,Córdoba,,253,8,4,0,,,,transmision local,informe nacional,https://www.argentina.gob.ar/sites/default/files/22-03-20-reporte-diario_covid19.pdf,,cordoba
22/03/2020,18,2,Argentina,Chaco,,260,7,4,0,,,,transmision local,informe nacional,https://www.argentina.gob.ar/sites/default/files/22-03-20-reporte-diario_covid19.pdf,,chaco
22/03/2020,18,2,Argentina,Tucumán,,265,5,4,0,,,,transmision local,informe nacional,https://www.argentina.gob.ar/sites/default/files/22-03-20-reporte-diario_covid19.pdf,,tucuman
22/03/2020,18,2,Argentina,Indeterminado,,265,0,4,0,51,1271,1537,transmision local,informe nacional,https://www.argentina.gob.ar/sites/default/files/22-03-20-reporte-diario_covid19.pdf,,no-data
23/03/2020,19,3,Argentina,CABA,,276,11,4,0,,,,transmision comunitaria,informe nacional,https://www.argentina.gob.ar/sites/default/files/23-03-2020-covid19_informe-diario.pdf,,capital-federal
23/03/2020,19,3,Argentina,Buenos Aires,,281,5,4,0,,,,transmision comunitaria,informe nacional,https://www.argentina.gob.ar/sites/default/files/23-03-2020-covid19_informe-diario.pdf,,buenos-aires
23/03/2020,19,3,Argentina,Santa Fe,Helvecia,282,1,4,0,,,,transmision comunitaria,informe provincial,https://www.santafe.gob.ar/index.php/web/content/download/257616/1357149/file/Parte%20MSSF%20Coronavirus%2023-03-2020%2018hs.pdf,Santa Fe Parte Provincial suma15 casos. Parte Nacional reporta solo 13.,santa-fe
23/03/2020,19,3,Argentina,Santa Fe,Esperanza,283,1,4,0,,,,transmision comunitaria,informe provincial,https://www.santafe.gob.ar/index.php/web/content/download/257616/1357149/file/Parte%20MSSF%20Coronavirus%2023-03-2020%2018hs.pdf,Santa Fe Parte Provincial suma15 casos. Parte Nacional reporta solo 13.,santa-fe
23/03/2020,19,3,Argentina,Santa Fe,Rosario,292,9,4,0,,,,transmision comunitaria,informe provincial,https://www.santafe.gob.ar/index.php/web/content/download/257616/1357149/file/Parte%20MSSF%20Coronavirus%2023-03-2020%2018hs.pdf,Santa Fe Parte Provincial suma15 casos. Parte Nacional reporta solo 13.,santa-fe
23/03/2020,19,3,Argentina,Santa Fe,Galvez,295,3,4,0,,,,transmision comunitaria,informe provincial,https://www.santafe.gob.ar/index.php/web/content/download/257616/1357149/file/Parte%20MSSF%20Coronavirus%2023-03-2020%2018hs.pdf,Santa Fe Parte Provincial suma15 casos. Parte Nacional reporta solo 13.,santa-fe
23/03/2020,19,3,Argentina,Córdoba,,298,3,4,0,,,,transmision comunitaria,informe nacional,https://www.argentina.gob.ar/sites/default/files/23-03-2020-covid19_informe-diario.pdf,,cordoba
23/03/2020,19,3,Argentina,Chaco,,302,4,4,0,,,,transmision comunitaria,informe nacional,https://www.argentina.gob.ar/sites/default/files/23-03-2020-covid19_informe-diario.pdf,,chaco
23/03/2020,19,3,Argentina,Indeterminado,,302,0,4,0,52,1453,1754,transmision comunitaria,informe nacional,https://www.argentina.gob.ar/sites/default/files/23-03-2020-covid19_informe-diario.pdf,,chaco
24/03/2020,20,4,Argentina,CABA,,331,29,4,0,,,,transmision comunitaria,informe nacional,https://www.argentina.gob.ar/sites/default/files/24-03-20-reporte-diario-vespertino-covid-19_0.pdf,2 casos informados en el día de ayer se reclasificaron por lo que dejaron de formar parte del total. Se resto uno random en esta ciudad,capital-federal
24/03/2020,20,4,Argentina,Buenos Aires,,360,29,5,1,,,,transmision comunitaria,informe nacional,https://www.argentina.gob.ar/sites/default/files/24-03-20-reporte-diario-vespertino-covid-19_0.pdf,2 casos informados en el día de ayer se reclasificaron por lo que dejaron de formar parte del total. Se resto uno random en esta ciudad,buenos-aires
24/03/2020,20,4,Argentina,Chaco,,369,9,6,1,,,,transmision comunitaria,informe nacional,https://www.argentina.gob.ar/sites/default/files/24-03-20-reporte-diario-vespertino-covid-19_0.pdf,,chaco
24/03/2020,20,4,Argentina,Córdoba,,376,7,6,0,,,,transmision comunitaria,informe nacional,https://www.argentina.gob.ar/sites/default/files/24-03-20-reporte-diario-vespertino-covid-19_0.pdf,,cordoba
24/03/2020,20,4,Argentina,Tierra Del Fuego,,380,4,6,0,,,,transmision comunitaria,informe nacional,https://www.argentina.gob.ar/sites/default/files/24-03-20-reporte-diario-vespertino-covid-19_0.pdf,,tierra-del-fuego
24/03/2020,20,4,Argentina,Santa Fe,Helvecia,381,1,6,0,,,,transmision comunitaria,informe provincial,https://www.santafe.gob.ar/index.php/web/content/download/257621/1357167/file/Informe_Coronavirus_24_03_2020%2021%20hs.pdf,Santa Fe Parte Provincial no son novedades son totales. Por esto viene el ruido.,santa-fe
24/03/2020,20,4,Argentina,Santa Fe,Rafaela,382,1,6,0,,,,transmision comunitaria,informe provincial,https://www.santafe.gob.ar/index.php/web/content/download/257621/1357167/file/Informe_Coronavirus_24_03_2020%2021%20hs.pdf,Santa Fe Parte Provincial no son novedades son totales. Por esto viene el ruido.,santa-fe
24/03/2020,20,4,Argentina,Santa Fe,Roldan,383,1,6,0,,,,transmision comunitaria,informe provincial,https://www.santafe.gob.ar/index.php/web/content/download/257621/1357167/file/Informe_Coronavirus_24_03_2020%2021%20hs.pdf,Santa Fe Parte Provincial no son novedades son totales. Por esto viene el ruido.,santa-fe
24/03/2020,20,4,Argentina,La Pampa,,384,1,6,0,,,,transmision comunitaria,informe nacional,https://www.argentina.gob.ar/sites/default/files/24-03-20-reporte-diario-vespertino-covid-19_0.pdf,,la-pampa
24/03/2020,20,4,Argentina,Neuquén,,385,1,6,0,,,,transmision comunitaria,informe nacional,https://www.argentina.gob.ar/sites/default/files/24-03-20-reporte-diario-vespertino-covid-19_0.pdf,,neuquen
24/03/2020,20,4,Argentina,Santa Cruz,,386,1,6,0,,,,transmision comunitaria,informe nacional,https://www.argentina.gob.ar/sites/default/files/24-03-20-reporte-diario-vespertino-covid-19_0.pdf,,santa-cruz
24/03/2020,20,4,Argentina,Indeterminado,,386,0,6,0,63,1453,1838,transmision comunitaria,informe nacional,https://www.argentina.gob.ar/sites/default/files/24-03-20-reporte-diario-vespertino-covid-19_0.pdf,,no-data
25/03/2020,21,5,Argentina,Buenos Aires,,416,30,6,0,,,,transmision comunitaria,informe nacional,https://www.argentina.gob.ar/sites/default/files/25-03-20-reporte-diario-vespertino-covid-19.pdf,,buenos-aires
25/03/2020,21,5,Argentina,CABA,,437,21,7,1,,,,transmision comunitaria,informe nacional,https://www.argentina.gob.ar/sites/default/files/25-03-20-reporte-diario-vespertino-covid-19.pdf,,capital-federal
25/03/2020,21,5,Argentina,Córdoba,,452,15,7,0,,,,transmision comunitaria,informe nacional,https://www.argentina.gob.ar/sites/default/files/25-03-20-reporte-diario-vespertino-covid-19.pdf,,cordoba
25/03/2020,21,5,Argentina,Chaco,,464,12,8,1,,,,transmision comunitaria,informe nacional,https://www.argentina.gob.ar/sites/default/files/25-03-20-reporte-diario-vespertino-covid-19.pdf,,chaco
25/03/2020,21,5,Argentina,Santa Cruz,,469,5,8,0,,,,transmision comunitaria,informe nacional,https://www.argentina.gob.ar/sites/default/files/25-03-20-reporte-diario-vespertino-covid-19.pdf,,santa-cruz
25/03/2020,21,5,Argentina,San Luis,,473,4,8,0,,,,transmision comunitaria,informe nacional,https://www.argentina.gob.ar/sites/default/files/25-03-20-reporte-diario-vespertino-covid-19.pdf,,san-luis
25/03/2020,21,5,Argentina,Entre Ríos,,476,3,8,0,,,,transmision comunitaria,informe nacional,https://www.argentina.gob.ar/sites/default/files/25-03-20-reporte-diario-vespertino-covid-19.pdf,,entre-rios
25/03/2020,21,5,Argentina,Mendoza,,477,1,8,0,,,,transmision comunitaria,informe nacional,https://www.argentina.gob.ar/sites/default/files/25-03-20-reporte-diario-vespertino-covid-19.pdf,,mendoza
25/03/2020,21,5,Argentina,Neuquén,,478,1,8,0,,,,transmision comunitaria,informe nacional,https://www.argentina.gob.ar/sites/default/files/25-03-20-reporte-diario-vespertino-covid-19.pdf,,neuquen
25/03/2020,21,5,Argentina,Tierra del Fuego,,479,1,8,0,,,,transmision comunitaria,informe nacional,https://www.argentina.gob.ar/sites/default/files/25-03-20-reporte-diario-vespertino-covid-19.pdf,,tierra-del-fuego
25/03/2020,21,5,Argentina,Tucumán,,481,2,8,0,,,,transmision comunitaria,informe nacional,https://www.argentina.gob.ar/sites/default/files/25-03-20-reporte-diario-vespertino-covid-19.pdf,,tucuman
25/03/2020,21,5,Argentina,Santa Fe,,503,22,8,0,,,,transmision comunitaria,informe nacional,https://www.argentina.gob.ar/sites/default/files/25-03-20-reporte-diario-vespertino-covid-19.pdf,,santa-fe
25/03/2020,21,5,Argentina,Indeterminado,,503,0,8,0,72,1946,2448,transmision comunitaria,informe nacional,https://www.argentina.gob.ar/sites/default/files/25-03-20-reporte-diario-vespertino-covid-19.pdf,,no-data
26/03/2020,22,6,Argentina,CABA,,533,30,9,1,,,,transmision comunitaria,informe nacional,https://www.argentina.gob.ar/sites/default/files/26-03-20-reporte-diario-vespertino-covid-19.pdf,"se suman 7casos, se compensa la diferencia entre los 20 casos del 27/3",capital-federal
26/03/2020,22,6,Argentina,Buenos Aires,,560,27,11,2,,,,transmision comunitaria,informe nacional,https://www.argentina.gob.ar/sites/default/files/26-03-20-reporte-diario-vespertino-covid-19.pdf,,buenos-aires
26/03/2020,22,6,Argentina,Santa Fe,,572,12,11,0,,,,transmision comunitaria,informe nacional,https://www.argentina.gob.ar/sites/default/files/26-03-20-reporte-diario-vespertino-covid-19.pdf,,santa-fe
26/03/2020,22,6,Argentina,Chaco,,575,3,12,1,,,,transmision comunitaria,informe nacional,https://www.argentina.gob.ar/sites/default/files/26-03-20-reporte-diario-vespertino-covid-19.pdf,,chaco
26/03/2020,22,6,Argentina,Córdoba,,578,3,12,0,,,,transmision comunitaria,informe nacional,https://www.argentina.gob.ar/sites/default/files/26-03-20-reporte-diario-vespertino-covid-19.pdf,,cordoba
26/03/2020,22,6,Argentina,Tierra del Fuego,,581,3,12,0,,,,transmision comunitaria,informe nacional,https://www.argentina.gob.ar/sites/default/files/26-03-20-reporte-diario-vespertino-covid-19.pdf,,tierra-del-fuego
26/03/2020,22,6,Argentina,Neuquén,,584,3,12,0,,,,transmision comunitaria,informe nacional,https://www.argentina.gob.ar/sites/default/files/26-03-20-reporte-diario-vespertino-covid-19.pdf,,neuquen
26/03/2020,22,6,Argentina,Jujuy,,586,2,12,0,,,,transmision comunitaria,informe nacional,https://www.argentina.gob.ar/sites/default/files/26-03-20-reporte-diario-vespertino-covid-19.pdf,,jujuy
26/03/2020,22,6,Argentina,Santa Cruz,,588,2,12,0,,,,transmision comunitaria,informe nacional,https://www.argentina.gob.ar/sites/default/files/26-03-20-reporte-diario-vespertino-covid-19.pdf,,santa-cruz
26/03/2020,22,6,Argentina,Mendoza,,589,1,12,0,,,,transmision comunitaria,informe nacional,https://www.argentina.gob.ar/sites/default/files/26-03-20-reporte-diario-vespertino-covid-19.pdf,,mendoza
26/03/2020,22,6,Argentina,San Luis,,589,0,12,0,,,,transmision comunitaria,informe nacional,https://www.argentina.gob.ar/sites/default/files/26-03-20-reporte-diario-vespertino-covid-19.pdf,1 caso reclasificado el 28-3 a Cordoba.,san-luis
26/03/2020,22,6,Argentina,Indeterminado,,589,0,12,0,75,2258,2847,transmision comunitaria,informe nacional,https://www.argentina.gob.ar/sites/default/files/26-03-20-reporte-diario-vespertino-covid-19.pdf,,no-data
27/03/2020,23,7,Argentina,CABA,,616,27,13,1,,,,transmision comunitaria,informe nacional,https://www.buenosaires.gob.ar/salud/noticias/actualizacion-de-los-casos-coronavirus-en-la-ciudad-buenos-aires,GCABA publico que son 20 los casos nuevos. Cremos que acá estaría la diferencia de los 16 casos menos del parte diario nacional del dia.,capital-federal
27/03/2020,23,7,Argentina,Buenos Aires,,652,36,14,1,,,,transmision comunitaria,informe nacional,https://www.argentina.gob.ar/sites/default/files/27-03-20-reporte-diario-vespertino-covid-19.pdf,se asigna fallecido a bsas hasta tener novedades.,buenos-aires
27/03/2020,23,7,Argentina,Chaco,,655,3,14,0,,,,transmision comunitaria,informe nacional,https://www.argentina.gob.ar/sites/default/files/27-03-20-reporte-diario-vespertino-covid-19.pdf,,chaco
27/03/2020,23,7,Argentina,Córdoba,,660,5,14,0,,,,transmision comunitaria,informe nacional,https://www.argentina.gob.ar/sites/default/files/27-03-20-reporte-diario-vespertino-covid-19.pdf,,cordoba
27/03/2020,23,7,Argentina,Tucumán,,666,6,14,0,,,,transmision comunitaria,informe nacional,https://www.argentina.gob.ar/sites/default/files/27-03-20-reporte-diario-vespertino-covid-19.pdf,,tucuman
27/03/2020,23,7,Argentina,Santa Fe,Rosario,672,6,14,0,,,,transmision comunitaria,informe nacional,https://www.argentina.gob.ar/sites/default/files/27-03-20-reporte-diario-vespertino-covid-19.pdf,,santa-fe
27/03/2020,23,7,Argentina,Santa Fe,Pueblo Andino,673,1,14,0,,,,transmision comunitaria,informe nacional,https://www.argentina.gob.ar/sites/default/files/27-03-20-reporte-diario-vespertino-covid-19.pdf,,santa-fe
27/03/2020,23,7,Argentina,Santa Fe,Venado Tuerto,674,1,14,0,,,,transmision comunitaria,informe nacional,https://www.argentina.gob.ar/sites/default/files/27-03-20-reporte-diario-vespertino-covid-19.pdf,,santa-fe
27/03/2020,23,7,Argentina,Santa Fe,Villa Constitución,675,1,14,0,,,,transmision comunitaria,informe nacional,https://www.argentina.gob.ar/sites/default/files/27-03-20-reporte-diario-vespertino-covid-19.pdf,,santa-fe
27/03/2020,23,7,Argentina,Entre Ríos,,678,3,14,0,,,,transmision comunitaria,informe nacional,https://www.argentina.gob.ar/sites/default/files/27-03-20-reporte-diario-vespertino-covid-19.pdf,,entre-rios
27/03/2020,23,7,Argentina,Neuquén,,682,4,15,1,,,,transmision comunitaria,informe nacional,https://www.argentina.gob.ar/sites/default/files/27-03-20-reporte-diario-vespertino-covid-19.pdf,,neuquen
27/03/2020,23,7,Argentina,Mendoza,,683,1,16,1,,,,transmision comunitaria,informe nacional,https://www.argentina.gob.ar/sites/default/files/27-03-20-reporte-diario-vespertino-covid-19.pdf,,mendoza
27/03/2020,23,7,Argentina,Río Negro,,686,3,17,1,,,,transmision comunitaria,informe nacional,https://www.rionegro.gov.ar/?contID=58359,,rio-negro
27/03/2020,23,7,Argentina,Corrientes,,689,3,17,0,,,,transmision comunitaria,informe nacional,https://www.argentina.gob.ar/sites/default/files/27-03-20-reporte-diario-vespertino-covid-19.pdf,,corrientes
27/03/2020,23,7,Argentina,Santiago del Estero,,690,1,17,0,,,,transmision comunitaria,informe nacional,https://www.argentina.gob.ar/sites/default/files/27-03-20-reporte-diario-vespertino-covid-19.pdf,,santiago-del-estero
27/03/2020,23,7,Argentina,Misiones,,691,1,17,0,,,,transmision comunitaria,informe nacional,https://www.argentina.gob.ar/sites/default/files/27-03-20-reporte-diario-vespertino-covid-19.pdf,,misiones
27/03/2020,23,7,Argentina,Indeterminado,,691,0,17,0,80,2817,3507,transmision comunitaria,informe nacional,https://www.argentina.gob.ar/sites/default/files/27-03-20-reporte-diario-vespertino-covid-19.pdf,"""*El total de los casos fue de 101. Se suman en esta lista, 16 casos (anteriores) que en eldía de ayer figuraban sin localidad de residencia y hoy se agruparon en las jurisdiccionescorrespondientes.""Se asigno el fallecido con provincia indeterminada a este registro hasta que sepamos a que provincia corresponde.
No se informas mas las provincias de los fallecidos, tuvimos que encontrar la ubicación provincial de fallecidos por partes provinciales y otras fuentes. Resta la ubicación de 1 fallecido.",no-data
28/03/2020,24,8,Argentina,Buenos Aires,,699,8,18,1,,,,transmision comunitaria,informe nacional vespertino,https://www.argentina.gob.ar/sites/default/files/28-03-20-reporte-vespertino-covid-19.pdf,,buenos-aires
28/03/2020,24,8,Argentina,CABA,,717,18,19,1,,,,transmision comunitaria,informe nacional vespertino,https://www.argentina.gob.ar/sites/default/files/28-03-20-reporte-vespertino-covid-19.pdf,,capital-federal
28/03/2020,24,8,Argentina,Santa Fe,Rafaela,721,4,19,0,,,,transmision comunitaria,informe nacional vespertino,https://www.argentina.gob.ar/sites/default/files/28-03-20-reporte-vespertino-covid-19.pdf,,santa-fe
28/03/2020,24,8,Argentina,Santa Fe,Santa Fe,725,4,19,0,,,,transmision comunitaria,informe nacional vespertino,https://www.argentina.gob.ar/sites/default/files/28-03-20-reporte-vespertino-covid-19.pdf,,santa-fe
28/03/2020,24,8,Argentina,Santa Fe,Rosaio,728,3,19,0,,,,transmision comunitaria,informe nacional vespertino,https://www.argentina.gob.ar/sites/default/files/28-03-20-reporte-vespertino-covid-19.pdf,,santa-fe
28/03/2020,24,8,Argentina,Santa Fe,Santo Tomé ,729,1,19,0,,,,transmision comunitaria,informe nacional vespertino,https://www.argentina.gob.ar/sites/default/files/28-03-20-reporte-vespertino-covid-19.pdf,,santa-fe
28/03/2020,24,8,Argentina,Santa Fe,Chabás,730,1,19,0,,,,transmision comunitaria,informe nacional vespertino,https://www.argentina.gob.ar/sites/default/files/28-03-20-reporte-vespertino-covid-19.pdf,,santa-fe
28/03/2020,24,8,Argentina,Chaco,,735,5,19,0,,,,transmision comunitaria,informe nacional vespertino,https://www.argentina.gob.ar/sites/default/files/28-03-20-reporte-vespertino-covid-19.pdf,,chaco
28/03/2020,24,8,Argentina,Córdoba,,736,1,19,0,,,,transmision comunitaria,informe nacional vespertino,https://www.argentina.gob.ar/sites/default/files/28-03-20-reporte-vespertino-covid-19.pdf,1 caso reclasificado el 28-3 a Cordoba.,cordoba
28/03/2020,24,8,Argentina,Tierra del Fuego,,740,4,19,0,,,,transmision comunitaria,informe nacional vespertino,https://www.argentina.gob.ar/sites/default/files/28-03-20-reporte-vespertino-covid-19.pdf,,tierra-del-fuego
28/03/2020,24,8,Argentina,Neuquén,Capital,741,1,19,0,,,,transmision comunitaria,informe nacional vespertino,https://www.argentina.gob.ar/sites/default/files/28-03-20-reporte-vespertino-covid-19.pdf,,neuquen
28/03/2020,24,8,Argentina,Neuquén,Las lajas,742,1,19,0,,,,transmision comunitaria,informe nacional vespertino,https://www.argentina.gob.ar/sites/default/files/28-03-20-reporte-vespertino-covid-19.pdf,,neuquen
28/03/2020,24,8,Argentina,Mendoza,,743,1,19,0,,,,transmision comunitaria,informe nacional vespertino,https://www.argentina.gob.ar/sites/default/files/28-03-20-reporte-vespertino-covid-19.pdf,,mendoza
28/03/2020,24,8,Argentina,Corrientes,Capital,745,2,19,0,,,,transmision comunitaria,informe nacional vespertino,https://www.argentina.gob.ar/sites/default/files/28-03-20-reporte-vespertino-covid-19.pdf,,corrientes
28/03/2020,24,8,Argentina,Indeterminado,,745,0,19,0,91,3215,3960,transmision comunitaria,informe nacional vespertino,https://www.argentina.gob.ar/sites/default/files/28-03-20-reporte-vespertino-covid-19.pdf,,no-data
29/03/2020,25,9,Argentina,Buenos Aires,,761,16,19,0,,,,transmision comunitaria,informe nacional vespertino,https://www.argentina.gob.ar/sites/default/files/29-03-20_reporte_vespertino_covid_19.pdf,,buenos-aires
29/03/2020,25,9,Argentina,CABA,,774,13,19,0,,,,transmision comunitaria,informe nacional vespertino,https://www.argentina.gob.ar/sites/default/files/29-03-20_reporte_vespertino_covid_19.pdf,,capital-federal
29/03/2020,25,9,Argentina,Chaco,,778,4,19,0,,,,transmision comunitaria,informe nacional vespertino,https://www.argentina.gob.ar/sites/default/files/29-03-20_reporte_vespertino_covid_19.pdf,,chaco
29/03/2020,25,9,Argentina,Santa Fe,Rosario,785,7,19,0,,,,transmision comunitaria,informe nacional vespertino,https://www.argentina.gob.ar/sites/default/files/29-03-20_reporte_vespertino_covid_19.pdf,,santa-fe
29/03/2020,25,9,Argentina,Santa Fe,Gálvez,788,3,19,0,,,,transmision comunitaria,informe nacional vespertino,https://www.argentina.gob.ar/sites/default/files/29-03-20_reporte_vespertino_covid_19.pdf,,santa-fe
29/03/2020,25,9,Argentina,Santa Fe,Arroyo seco,790,2,19,0,,,,transmision comunitaria,informe nacional vespertino,https://www.argentina.gob.ar/sites/default/files/29-03-20_reporte_vespertino_covid_19.pdf,,santa-fe
29/03/2020,25,9,Argentina,Santa Fe,Santa Fe,791,1,19,0,,,,transmision comunitaria,informe nacional vespertino,https://www.argentina.gob.ar/sites/default/files/29-03-20_reporte_vespertino_covid_19.pdf,,santa-fe
29/03/2020,25,9,Argentina,Córdoba,,809,18,19,0,,,,transmision comunitaria,informe nacional vespertino,https://www.argentina.gob.ar/sites/default/files/29-03-20_reporte_vespertino_covid_19.pdf,,cordoba
29/03/2020,25,9,Argentina,Tierra del Fuego,,813,4,19,0,,,,transmision comunitaria,informe nacional vespertino,https://www.argentina.gob.ar/sites/default/files/29-03-20_reporte_vespertino_covid_19.pdf,,tierra-del-fuego
29/03/2020,25,9,Argentina,San Juan,,814,1,19,0,,,,transmision comunitaria,informe nacional vespertino,https://www.argentina.gob.ar/sites/default/files/29-03-20_reporte_vespertino_covid_19.pdf,,san-juan
29/03/2020,25,9,Argentina,Corrientes,,815,1,19,0,,,,transmision comunitaria,informe nacional vespertino,https://www.argentina.gob.ar/sites/default/files/29-03-20_reporte_vespertino_covid_19.pdf,,corrientes
29/03/2020,25,9,Argentina,La Pampa,,817,2,19,0,,,,transmision comunitaria,informe nacional vespertino,https://www.argentina.gob.ar/sites/default/files/29-03-20_reporte_vespertino_covid_19.pdf,,la-pampa
29/03/2020,25,9,Argentina,La Rioja,,818,1,19,0,,,,transmision comunitaria,informe nacional vespertino,https://www.argentina.gob.ar/sites/default/files/29-03-20_reporte_vespertino_covid_19.pdf,,la-rioja
29/03/2020,25,9,Argentina,Mendoza,,819,1,19,0,,,,transmision comunitaria,informe nacional vespertino,https://www.argentina.gob.ar/sites/default/files/29-03-20_reporte_vespertino_covid_19.pdf,,mendoza
29/03/2020,25,9,Argentina,Misiones,,820,1,19,0,,,,transmision comunitaria,informe nacional vespertino,https://www.argentina.gob.ar/sites/default/files/29-03-20_reporte_vespertino_covid_19.pdf,,misiones
29/03/2020,25,9,Argentina,Tucumán,,820,0,20,1,,,,transmision comunitaria,informe nacional vespertino,https://www.argentina.gob.ar/sites/default/files/29-03-20_reporte_vespertino_covid_19.pdf,,tucuman
29/03/2020,25,9,Argentina,Indeterminado,,820,0,20,0,228,3580,4400,transmision comunitaria,informe nacional vespertino,https://www.argentina.gob.ar/sites/default/files/29-03-20_reporte_vespertino_covid_19.pdf,,no-data
30/03/2020,26,10,Argentina,Buenos Aires,,856,36,22,2,,,,transmision comunitaria,informe nacional vespertino,https://www.argentina.gob.ar/sites/default/files/30-03-20-reporte-vespertino-covid-19.pdf,,buenos-aires
30/03/2020,26,10,Argentina,CABA,,890,34,22,0,,,,transmision comunitaria,informe nacional vespertino,https://www.argentina.gob.ar/sites/default/files/30-03-20-reporte-vespertino-covid-19.pdf,,capital-federal
30/03/2020,26,10,Argentina,Chaco,,902,12,22,0,,,,transmision comunitaria,informe nacional vespertino,https://www.argentina.gob.ar/sites/default/files/30-03-20-reporte-vespertino-covid-19.pdf,,chaco
30/03/2020,26,10,Argentina,Santa Fe,Rosario,916,14,22,0,,,,transmision comunitaria,informe nacional vespertino,https://www.argentina.gob.ar/sites/default/files/30-03-20-reporte-vespertino-covid-19.pdf,,santa-fe
30/03/2020,26,10,Argentina,Santa Fe,Villa Constitución,918,2,22,0,,,,transmision comunitaria,informe nacional vespertino,https://www.argentina.gob.ar/sites/default/files/30-03-20-reporte-vespertino-covid-19.pdf,,santa-fe
30/03/2020,26,10,Argentina,Santa Fe,Armstrong,920,2,22,0,,,,transmision comunitaria,informe nacional vespertino,https://www.argentina.gob.ar/sites/default/files/30-03-20-reporte-vespertino-covid-19.pdf,,santa-fe
30/03/2020,26,10,Argentina,Santa Fe,Rafaela,921,1,22,0,,,,transmision comunitaria,informe nacional vespertino,https://www.argentina.gob.ar/sites/default/files/30-03-20-reporte-vespertino-covid-19.pdf,,santa-fe
30/03/2020,26,10,Argentina,Santa Fe,Funes,922,1,22,0,,,,transmision comunitaria,informe nacional vespertino,https://www.argentina.gob.ar/sites/default/files/30-03-20-reporte-vespertino-covid-19.pdf,,santa-fe
30/03/2020,26,10,Argentina,Santa Fe,Roldan,923,1,22,0,,,,transmision comunitaria,informe nacional vespertino,https://www.argentina.gob.ar/sites/default/files/30-03-20-reporte-vespertino-covid-19.pdf,,santa-fe
30/03/2020,26,10,Argentina,Córdoba,,931,8,22,0,,,,transmision comunitaria,informe nacional vespertino,https://www.argentina.gob.ar/sites/default/files/30-03-20-reporte-vespertino-covid-19.pdf,,cordoba
30/03/2020,26,10,Argentina,Tierra del Fuego,Ushuaia,942,11,22,0,,,,transmision comunitaria,informe nacional vespertino,https://www.argentina.gob.ar/sites/default/files/30-03-20-reporte-vespertino-covid-19.pdf,,tierra-del-fuego
30/03/2020,26,10,Argentina,Corrientes,,952,10,22,0,,,,transmision comunitaria,informe nacional vespertino,https://www.argentina.gob.ar/sites/default/files/30-03-20-reporte-vespertino-covid-19.pdf,,corrientes
30/03/2020,26,10,Argentina,Entre Ríos,,955,3,22,0,,,,transmision comunitaria,informe nacional vespertino,https://www.argentina.gob.ar/sites/default/files/30-03-20-reporte-vespertino-covid-19.pdf,,entre-rios
30/03/2020,26,10,Argentina,Mendoza,,958,3,22,0,,,,transmision comunitaria,informe nacional vespertino,https://www.argentina.gob.ar/sites/default/files/30-03-20-reporte-vespertino-covid-19.pdf,,mendoza
30/03/2020,26,10,Argentina,Neuquén,Capital,966,8,23,1,,,,transmision comunitaria,informe nacional vespertino,https://www.argentina.gob.ar/sites/default/files/30-03-20-reporte-vespertino-covid-19.pdf,,neuquen
30/03/2020,26,10,Argentina,Tucumán,,966,0,24,1,,,,transmision comunitaria,informe nacional vespertino,https://www.argentina.gob.ar/sites/default/files/30-03-20-reporte-vespertino-covid-19.pdf,,tucuman
30/03/2020,26,10,Argentina,Indeterminado,,966,0,24,0,240,4065,5031,transmision comunitaria,informe nacional vespertino,https://www.argentina.gob.ar/sites/default/files/30-03-20-reporte-vespertino-covid-19.pdf,,no-data
31/03/2020,27,11,Argentina,Buenos Aires,,983,17,24,0,,,,transmision comunitaria,informe nacional vespertino,https://www.argentina.gob.ar/sites/default/files/31-03-20-reporte-vespertino-covid-19.pdf,,buenos-aires
31/03/2020,27,11,Argentina,CABA,,1.002,19,24,0,,,,transmision comunitaria,informe nacional vespertino,https://www.argentina.gob.ar/sites/default/files/31-03-20-reporte-vespertino-covid-19.pdf,,capital-federal
31/03/2020,27,11,Argentina,Chaco,,1.005,3,25,1,,,,transmision comunitaria,informe nacional vespertino,https://www.argentina.gob.ar/sites/default/files/31-03-20-reporte-vespertino-covid-19.pdf,,chaco
31/03/2020,27,11,Argentina,Córdoba,,1.019,14,26,1,,,,transmision comunitaria,informe nacional vespertino,https://www.argentina.gob.ar/sites/default/files/31-03-20-reporte-vespertino-covid-19.pdf,,cordoba
31/03/2020,27,11,Argentina,Corrientes,,1.020,1,26,0,,,,transmision comunitaria,informe nacional vespertino,https://www.argentina.gob.ar/sites/default/files/31-03-20-reporte-vespertino-covid-19.pdf,,corrientes
31/03/2020,27,11,Argentina,Mendoza,,1.022,2,26,0,,,,transmision comunitaria,informe nacional vespertino,https://www.argentina.gob.ar/sites/default/files/31-03-20-reporte-vespertino-covid-19.pdf,,mendoza
31/03/2020,27,11,Argentina,Misiones,,1.023,1,26,0,,,,transmision comunitaria,informe nacional vespertino,https://www.argentina.gob.ar/sites/default/files/31-03-20-reporte-vespertino-covid-19.pdf,,misiones
31/03/2020,27,11,Argentina,Río Negro,,1.024,1,26,0,,,,transmision comunitaria,informe nacional vespertino,https://www.argentina.gob.ar/sites/default/files/31-03-20-reporte-vespertino-covid-19.pdf,,rio-negro
31/03/2020,27,11,Argentina,Santa Fe,,1.046,22,26,0,,,,transmision comunitaria,informe nacional vespertino,https://www.argentina.gob.ar/sites/default/files/31-03-20-reporte-vespertino-covid-19.pdf,,santa-fe
31/03/2020,27,11,Argentina,Tierra del Fuego,,1.053,7,26,0,,,,transmision comunitaria,informe nacional vespertino,https://www.argentina.gob.ar/sites/default/files/31-03-20-reporte-vespertino-covid-19.pdf,,tierra-del-fuego
31/03/2020,27,11,Argentina,Tucumán,,1.054,1,26,0,,,,transmision comunitaria,informe nacional vespertino,https://www.argentina.gob.ar/sites/default/files/31-03-20-reporte-vespertino-covid-19.pdf,,tucuman
31/03/2020,27,11,Argentina,La Rioja,,1.054,0,27,1,,,,transmision comunitaria,informe nacional vespertino,https://www.argentina.gob.ar/sites/default/files/31-03-20-reporte-vespertino-covid-19.pdf,,la-rioja
31/03/2020,27,11,Argentina,Indeterminado,,1.054,0,27,0,248,4597,5651,transmision comunitaria,informe nacional vespertino,https://www.argentina.gob.ar/sites/default/files/31-03-20-reporte-vespertino-covid-19.pdf,,no-data
1/04/2020,28,12,Argentina,Buenos Aires,,1.064,10,29,2,,,,transmision comunitaria,informe nacional vespertino,https://www.argentina.gob.ar/sites/default/files/01-04-20_reporte-vespertino_covid-19.pdf,,buenos-aires
1/04/2020,28,12,Argentina,CABA,,1.074,10,30,1,,,,transmision comunitaria,informe nacional vespertino,https://www.argentina.gob.ar/sites/default/files/01-04-20_reporte-vespertino_covid-19.pdf,,capital-federal
1/04/2020,28,12,Argentina,Chaco,,1.086,12,30,0,,,,transmision comunitaria,informe nacional vespertino,https://www.argentina.gob.ar/sites/default/files/01-04-20_reporte-vespertino_covid-19.pdf,,chaco
1/04/2020,28,12,Argentina,Córdoba,,1.092,6,30,0,,,,transmision comunitaria,informe nacional vespertino,https://www.argentina.gob.ar/sites/default/files/01-04-20_reporte-vespertino_covid-19.pdf,,cordoba
1/04/2020,28,12,Argentina,Corrientes,,1.093,1,30,0,,,,transmision comunitaria,informe nacional vespertino,https://www.argentina.gob.ar/sites/default/files/01-04-20_reporte-vespertino_covid-19.pdf,,corrientes
1/04/2020,28,12,Argentina,Entre Ríos,,1.094,1,30,0,,,,transmision comunitaria,informe nacional vespertino,https://www.argentina.gob.ar/sites/default/files/01-04-20_reporte-vespertino_covid-19.pdf,,entre-rios
1/04/2020,28,12,Argentina,Mendoza,,1.104,10,30,0,,,,transmision comunitaria,informe nacional vespertino,https://www.argentina.gob.ar/sites/default/files/01-04-20_reporte-vespertino_covid-19.pdf,,mendoza
1/04/2020,28,12,Argentina,Neuquén,,1.108,4,31,1,,,,transmision comunitaria,informe nacional vespertino,https://www.argentina.gob.ar/sites/default/files/01-04-20_reporte-vespertino_covid-19.pdf,,neuquen
1/04/2020,28,12,Argentina,Salta,,1.110,2,31,0,,,,transmision comunitaria,informe nacional vespertino,https://www.argentina.gob.ar/sites/default/files/01-04-20_reporte-vespertino_covid-19.pdf,,salta
1/04/2020,28,12,Argentina,San Luis,,1.111,1,31,0,,,,transmision comunitaria,informe nacional vespertino,https://www.argentina.gob.ar/sites/default/files/01-04-20_reporte-vespertino_covid-19.pdf,,san-luis
1/04/2020,28,12,Argentina,Santa Cruz,,1.121,10,31,0,,,,transmision comunitaria,informe nacional vespertino,https://www.argentina.gob.ar/sites/default/files/01-04-20_reporte-vespertino_covid-19.pdf,,santa-cruz
1/04/2020,28,12,Argentina,Santa Fe,,1.132,11,32,1,,,,transmision comunitaria,informe nacional vespertino,https://www.argentina.gob.ar/sites/default/files/01-04-20_reporte-vespertino_covid-19.pdf,,santa-fe
1/04/2020,28,12,Argentina,Tucumán,,1.133,1,32,0,,,,transmision comunitaria,informe nacional vespertino,https://www.argentina.gob.ar/sites/default/files/01-04-20_reporte-vespertino_covid-19.pdf,,tucuman
1/04/2020,28,12,Argentina,Indeterminado,,1.133,0,32,0,256,5144,6277,transmision comunitaria,informe nacional vespertino,https://www.argentina.gob.ar/sites/default/files/01-04-20_reporte-vespertino_covid-19.pdf,,no-data
2/04/2020,29,13,Argentina,Buenos Aires,,1.169,36,34,2,,,,transmision comunitaria,,,,buenos-aires
2/04/2020,29,13,Argentina,CABA,,1.193,24,34,0,,,,transmision comunitaria,,,,capital-federal
2/04/2020,29,13,Argentina,Chaco,,1.196,3,35,1,,,,transmision comunitaria,,,,chaco
2/04/2020,29,13,Argentina,Córdoba,,1.212,16,35,0,,,,transmision comunitaria,,,,cordoba
2/04/2020,29,13,Argentina,Corrientes,,1.213,1,35,0,,,,transmision comunitaria,,,,corrientes
2/04/2020,29,13,Argentina,Entre Ríos,,1.215,2,35,0,,,,transmision comunitaria,,,,entre-rios
2/04/2020,29,13,Argentina,Jujuy,,1.217,2,35,0,,,,transmision comunitaria,,,,jujuy
2/04/2020,29,13,Argentina,La Rioja,,1.220,3,35,0,,,,transmision comunitaria,,,,la-rioja
2/04/2020,29,13,Argentina,Neuquén,,1.224,4,35,0,,,,transmision comunitaria,,,,neuquen
2/04/2020,29,13,Argentina,San Luis,,1.226,2,35,0,,,,transmision comunitaria,,,,san-luis
2/04/2020,29,13,Argentina,Santa Cruz,,1.228,2,35,0,,,,transmision comunitaria,,,,santa-cruz
2/04/2020,29,13,Argentina,Santa Fe,,1.236,8,35,0,,,,transmision comunitaria,,,,santa-fe
2/04/2020,29,13,Argentina,Santiago del Estero,,1.237,1,35,0,,,,transmision comunitaria,,,,santiago-del-estero
2/04/2020,29,13,Argentina,Tierra del Fuego,,1.261,24,35,0,,,,transmision comunitaria,,,,tierra-del-fuego
2/04/2020,29,13,Argentina,Tucumán,,1.265,4,35,0,,,,transmision comunitaria,,,,tucuman
2/04/2020,29,13,Argentina,Mendoza,,1.265,0,36,1,,,,transmision comunitaria,,,,mendoza
2/04/2020,29,13,Argentina,Indeterminado,,1.265,0,36,0,266,6120,7385,transmision comunitaria,,,,no-data
3/04/2020,30,14,Argentina,Buenos Aires,,1.287,22,39,3,,,,transmision comunitaria,,,,buenos-aires
3/04/2020,30,14,Argentina,CABA,,1.315,28,39,0,,,,transmision comunitaria,,,,capital-federal
3/04/2020,30,14,Argentina,Chaco,,1.323,8,40,1,,,,transmision comunitaria,,,,chaco
3/04/2020,30,14,Argentina,Córdoba,,1.337,14,40,0,,,,transmision comunitaria,,,,cordoba
3/04/2020,30,14,Argentina,Entre Ríos,,1.339,2,40,0,,,,transmision comunitaria,,,,entre-rios
3/04/2020,30,14,Argentina,Mendoza,,1.341,2,41,1,,,,transmision comunitaria,,,,mendoza
3/04/2020,30,14,Argentina,Neuquén,,1.342,1,41,0,,,,transmision comunitaria,,,,neuquen
3/04/2020,30,14,Argentina,Río Negro,,1.343,1,41,0,,,,transmision comunitaria,,,,rio-negro
3/04/2020,30,14,Argentina,San Luis,,1.344,1,41,0,,,,transmision comunitaria,,,,san-luis
3/04/2020,30,14,Argentina,Santa Fe,,1.352,8,41,0,,,,transmision comunitaria,,,,santa-fe
3/04/2020,30,14,Argentina,Tierra del Fuego,,1.353,1,41,0,,,,transmision comunitaria,,,,tierra-del-fuego
3/04/2020,30,14,Argentina,Tucumán,,1.353,0,42,1,,,,transmision comunitaria,,,,tucuman
3/04/2020,30,14,Argentina,Indeterminado,,1.353,0,42,0,279,7135,8488,transmision comunitaria,,,,no-data
4/04/2020,31,15,Argentina,Buenos Aires,,1.379,26,43,1,,,,transmision comunitaria,,https://www.argentina.gob.ar/sites/default/files/04-04-20-reporte-vespertino-covid-19.pdf,,buenos-aires
4/04/2020,31,15,Argentina,CABA,,1.413,34,44,1,,,,transmision comunitaria,,https://www.argentina.gob.ar/sites/default/files/04-04-20-reporte-vespertino-covid-19.pdf,,capital-federal
4/04/2020,31,15,Argentina,Chaco,,1.421,8,44,0,,,,transmision comunitaria,,https://www.argentina.gob.ar/sites/default/files/04-04-20-reporte-vespertino-covid-19.pdf,,chaco
4/04/2020,31,15,Argentina,Córdoba,,1.424,3,44,0,,,,transmision comunitaria,,https://www.argentina.gob.ar/sites/default/files/04-04-20-reporte-vespertino-covid-19.pdf,,cordoba
4/04/2020,31,15,Argentina,La Rioja,,1.426,2,44,0,,,,transmision comunitaria,,https://www.argentina.gob.ar/sites/default/files/04-04-20-reporte-vespertino-covid-19.pdf,,la-rioja
4/04/2020,31,15,Argentina,Neuquén,,1.430,4,44,0,,,,transmision comunitaria,,https://www.argentina.gob.ar/sites/default/files/04-04-20-reporte-vespertino-covid-19.pdf,,neuquen
4/04/2020,31,15,Argentina,Río Negro,,1.435,5,44,0,,,,transmision comunitaria,,https://www.argentina.gob.ar/sites/default/files/04-04-20-reporte-vespertino-covid-19.pdf,,rio-negro
4/04/2020,31,15,Argentina,Santa Cruz,,1.436,1,44,0,,,,transmision comunitaria,,https://www.argentina.gob.ar/sites/default/files/04-04-20-reporte-vespertino-covid-19.pdf,,santa-cruz
4/04/2020,31,15,Argentina,Santa Fe,,1.441,5,44,0,,,,transmision comunitaria,,https://www.argentina.gob.ar/sites/default/files/04-04-20-reporte-vespertino-covid-19.pdf,,santa-cruz
4/04/2020,31,15,Argentina,Santiago del Estero,,1.442,1,44,0,,,,transmision comunitaria,,https://www.argentina.gob.ar/sites/default/files/04-04-20-reporte-vespertino-covid-19.pdf,,santiago-del-estero
4/04/2020,31,15,Argentina,Tierra del Fuego,,1.450,8,44,0,,,,transmision comunitaria,,https://www.argentina.gob.ar/sites/default/files/04-04-20-reporte-vespertino-covid-19.pdf,,tierra-del-fuego
4/04/2020,31,15,Argentina,Tucumán,,1.451,1,44,0,,,,transmision comunitaria,,https://www.argentina.gob.ar/sites/default/files/04-04-20-reporte-vespertino-covid-19.pdf,,tucuman
4/04/2020,31,15,Argentina,Indeterminado,,1.451,0,44,0,280,7494,8945,transmision comunitaria,,,,no-data
5/04/2020,32,16,Argentina,Buenos Aires,,1.484,33,45,1,,,,transmision comunitaria,,https://www.argentina.gob.ar/sites/default/files/05-04-20-reporte-vespertino-covid-19.pdf,,buenos-aires
5/04/2020,32,16,Argentina,CABA,,1.516,32,45,0,,,,transmision comunitaria,,https://www.argentina.gob.ar/sites/default/files/05-04-20-reporte-vespertino-covid-19.pdf,,capital-federal
5/04/2020,32,16,Argentina,Córdoba,,1.521,5,46,1,,,,transmision comunitaria,,https://www.argentina.gob.ar/sites/default/files/05-04-20-reporte-vespertino-covid-19.pdf,,cordoba
5/04/2020,32,16,Argentina,Entre Ríos,,1.522,1,46,0,,,,transmision comunitaria,,https://www.argentina.gob.ar/sites/default/files/05-04-20-reporte-vespertino-covid-19.pdf,,entre-rios
5/04/2020,32,16,Argentina,La Rioja,,1.524,2,46,0,,,,transmision comunitaria,,https://www.argentina.gob.ar/sites/default/files/05-04-20-reporte-vespertino-covid-19.pdf,,la-rioja
5/04/2020,32,16,Argentina,Mendoza,,1.526,2,46,0,,,,transmision comunitaria,,https://www.argentina.gob.ar/sites/default/files/05-04-20-reporte-vespertino-covid-19.pdf,,mendoza
5/04/2020,32,16,Argentina,Neuquén,,1.537,11,46,0,,,,transmision comunitaria,,https://www.argentina.gob.ar/sites/default/files/05-04-20-reporte-vespertino-covid-19.pdf,,neuquen
5/04/2020,32,16,Argentina,Río Negro,,1.539,2,46,0,,,,transmision comunitaria,,https://www.argentina.gob.ar/sites/default/files/05-04-20-reporte-vespertino-covid-19.pdf,,rio-negro
5/04/2020,32,16,Argentina,Santa Cruz,,1.540,1,46,0,,,,transmision comunitaria,,https://www.argentina.gob.ar/sites/default/files/05-04-20-reporte-vespertino-covid-19.pdf,,santa-cruz
5/04/2020,32,16,Argentina,Santa Fe,,1.551,11,46,0,,,,transmision comunitaria,,https://www.argentina.gob.ar/sites/default/files/05-04-20-reporte-vespertino-covid-19.pdf,,santa-fe
5/04/2020,32,16,Argentina,Tierra del Fuego,,1.554,3,46,0,,,,transmision comunitaria,,https://www.argentina.gob.ar/sites/default/files/05-04-20-reporte-vespertino-covid-19.pdf,,tierra-del-fuego
5/04/2020,32,16,Argentina,Indeterminado,,1.557,3,46,0,325,8125,9679,transmision comunitaria,,,,no-data
6/04/2020,33,17,Argentina,Buenos Aires,,1.569,12,47,1,,,,transmision comunitaria,,,,buenos-aires
6/04/2020,33,17,Argentina,CABA,,1.586,17,50,3,,,,transmision comunitaria,,,,capital-federal
6/04/2020,33,17,Argentina,Chaco,,1.590,4,50,0,,,,transmision comunitaria,,,,chaco
6/04/2020,33,17,Argentina,Córdoba,,1.597,7,50,0,,,,transmision comunitaria,,,,cordoba
6/04/2020,33,17,Argentina,Corrientes,,1.599,2,50,0,,,,transmision comunitaria,,,,corrientes
6/04/2020,33,17,Argentina,La Rioja,,1.600,1,50,0,,,,transmision comunitaria,,,,la-rioja
6/04/2020,33,17,Argentina,Mendoza,,1.601,1,50,0,,,,transmision comunitaria,,,,mendoza
6/04/2020,33,17,Argentina,Neuquén,,1.607,6,51,1,,,,transmision comunitaria,,,,neuquen
6/04/2020,33,17,Argentina,Río Negro,,1.609,2,51,0,,,,transmision comunitaria,,,,rio-negro
6/04/2020,33,17,Argentina,San Luis,,1.610,1,51,0,,,,transmision comunitaria,,,,san-luis
6/04/2020,33,17,Argentina,Santa Fe,,1.618,8,51,0,,,,transmision comunitaria,,,,santa-fe
6/04/2020,33,17,Argentina,Santiago del Estero,,1.624,6,51,0,,,,transmision comunitaria,,,,santiago-del-estero
6/04/2020,33,17,Argentina,Tierra del Fuego,,1.626,2,51,0,,,,transmision comunitaria,,,,tierra-del-fuego
6/04/2020,33,17,Argentina,Tucumán,,1.631,5,51,0,,,,transmision comunitaria,,,,tucuman